DROP TABLE users CASCADE CONSTRAINTS;
DROP TABLE friendships CASCADE CONSTRAINTS;
DROP TABLE groups CASCADE CONSTRAINTS;
DROP TABLE members CASCADE CONSTRAINTS;
DROP TABLE messages CASCADE CONSTRAINTS;

CREATE TABLE users (
        user_ID INT PRIMARY KEY,
        name VARCHAR(32) NOT NULL,
        email VARCHAR(32),
        dob DATE NOT NULL,
        last_log TIMESTAMP DEFAULT CURRENT_TIMESTAMP
);

CREATE TABLE friendships (
        user_a INT,
        user_b INT,
        pending INT DEFAULT 1,
        date_add DATE,
        CONSTRAINT pend CHECK(pending = 0 OR pending = 1),
        CONSTRAINT fka FOREIGN KEY (user_a) REFERENCES users(user_ID),
        CONSTRAINT fkb FOREIGN KEY (user_b) REFERENCES users(user_ID)
);

CREATE TABLE groups (
        g_ID INT PRIMARY KEY,
        gname VARCHAR(64) NOT NULL,
        description VARCHAR(250),
        glimit INT NOT NULL
);

CREATE TABLE members (
        u_ID INT,
        g_ID INT,
        CONSTRAINT fku FOREIGN KEY (u_ID) REFERENCES users(user_ID),
        CONSTRAINT fkg FOREIGN KEY (g_ID) REFERENCES groups(g_ID)
);

CREATE TABLE messages (
	msg_ID INT PRIMARY KEY,
	subject VARCHAR(32),
	body VARCHAR(100),
	sender INT,
	date_sent DATE DEFAULT CURRENT_TIMESTAMP,
	r_ID INT NOT NULL,
	is_user INT NOT NULL,
	CONSTRAINT usercheck CHECK (is_user = 0 OR is_user = 1),
	CONSTRAINT send FOREIGN KEY (sender) REFERENCES users(user_ID)
);

CREATE OR REPLACE TRIGGER added
BEFORE UPDATE OF pending ON friendships
FOR EACH ROW
BEGIN
        :new.date_add := CURRENT_TIMESTAMP;
END;
/

INSERT INTO users VALUES(1, 'John', 'john@gmail.com', CURRENT_TIMESTAMP, NULL);
INSERT INTO users VALUES(2, 'Dave', 'dave@gmail.com', CURRENT_TIMESTAMP, NULL);
INSERT INTO users VALUES(3, 'Mike', 'mike@gmail.com', CURRENT_TIMESTAMP, NULL);
INSERT INTO users VALUES(4, 'Dustin', 'dustin@gmail.com', CURRENT_TIMESTAMP, NULL);
INSERT INTO users VALUES(5, 'Kevin', 'kevin@gmail.com', CURRENT_TIMESTAMP, NULL);
INSERT INTO users VALUES(6, 'Jake', 'jake@gmail.com', CURRENT_TIMESTAMP, NULL);
INSERT INTO users VALUES(7, 'Sara', 'sara@gmail.com', CURRENT_TIMESTAMP, NULL);
INSERT INTO users VALUES(8, 'Ken', 'ken@gmail.com', CURRENT_TIMESTAMP, NULL);
INSERT INTO users VALUES(9, 'Stan', 'stan@gmail.com', CURRENT_TIMESTAMP, NULL);
INSERT INTO users VALUES(10, 'Josh', 'josh@gmail.com', CURRENT_TIMESTAMP, NULL);
INSERT INTO users VALUES(11, 'Dan', 'dan@gmail.com', CURRENT_TIMESTAMP, NULL);
INSERT INTO users VALUES(12, 'Kyle', 'kyle@gmail.com', CURRENT_TIMESTAMP, NULL);
INSERT INTO users VALUES(13, 'Katie', 'katie@gmail.com', CURRENT_TIMESTAMP, NULL);
INSERT INTO users VALUES(14, 'Matt', 'matt@gmail.com', CURRENT_TIMESTAMP, NULL);
INSERT INTO users VALUES(15, 'Sam', 'sam@gmail.com', CURRENT_TIMESTAMP, NULL);
INSERT INTO users VALUES(16, 'Devin', 'devin@gmail.com', CURRENT_TIMESTAMP, NULL);
INSERT INTO users VALUES(17, 'Mary', 'mary@gmail.com', CURRENT_TIMESTAMP, NULL);
INSERT INTO users VALUES(18, 'Courtney', 'courtney@gmail.com', CURRENT_TIMESTAMP, NULL);
INSERT INTO users VALUES(19, 'Ted', 'ted@gmail.com', CURRENT_TIMESTAMP, NULL);
INSERT INTO users VALUES(20, 'Robin', 'robin@gmail.com', CURRENT_TIMESTAMP, NULL);
INSERT INTO users VALUES(21, 'Rachel', 'rachel@gmail.com', CURRENT_TIMESTAMP, NULL);
INSERT INTO users VALUES(22, 'Ross', 'ross@gmail.com', CURRENT_TIMESTAMP, NULL);
INSERT INTO users VALUES(23, 'Joe', 'joe@gmail.com', CURRENT_TIMESTAMP, NULL);
INSERT INTO users VALUES(24, 'Bob', 'bob@gmail.com', CURRENT_TIMESTAMP, NULL);
INSERT INTO users VALUES(25, 'Zach', 'zach@gmail.com', CURRENT_TIMESTAMP, NULL);
INSERT INTO users VALUES(26, 'Zack', 'zack@gmail.com', CURRENT_TIMESTAMP, NULL);
INSERT INTO users VALUES(27, 'Chandler', 'chandler@gmail.com', CURRENT_TIMESTAMP, NULL);
INSERT INTO users VALUES(28, 'Donna', 'donna@gmail.com', CURRENT_TIMESTAMP, NULL);
INSERT INTO users VALUES(29, 'Monica', 'monica@gmail.com', CURRENT_TIMESTAMP, NULL);
INSERT INTO users VALUES(30, 'Barney', 'barney@gmail.com', CURRENT_TIMESTAMP, NULL);
INSERT INTO users VALUES(31, 'Shelley', 'shelley@gmail.com', CURRENT_TIMESTAMP, NULL);
INSERT INTO users VALUES(32, 'Heather', 'heather@gmail.com', CURRENT_TIMESTAMP, NULL);
INSERT INTO users VALUES(33, 'Dom', 'dom@gmail.com', CURRENT_TIMESTAMP, NULL);
INSERT INTO users VALUES(34, 'Chris', 'chris@gmail.com', CURRENT_TIMESTAMP, NULL);
INSERT INTO users VALUES(35, 'Corey', 'corey@gmail.com', CURRENT_TIMESTAMP, NULL);
INSERT INTO users VALUES(36, 'Tessa', 'tessa@gmail.com', CURRENT_TIMESTAMP, NULL);
INSERT INTO users VALUES(37, 'Tom', 'tom@gmail.com', CURRENT_TIMESTAMP, NULL);
INSERT INTO users VALUES(38, 'Joel', 'joel@gmail.com', CURRENT_TIMESTAMP, NULL);
INSERT INTO users VALUES(39, 'Steve', 'steve@gmail.com', CURRENT_TIMESTAMP, NULL);
INSERT INTO users VALUES(40, 'Ben', 'ben@gmail.com', CURRENT_TIMESTAMP, NULL);
INSERT INTO users VALUES(41, 'Ian', 'ian@gmail.com', CURRENT_TIMESTAMP, NULL);
INSERT INTO users VALUES(42, 'Sid', 'sid@gmail.com', CURRENT_TIMESTAMP, NULL);
INSERT INTO users VALUES(43, 'Phil', 'phil@gmail.com', CURRENT_TIMESTAMP, NULL);
INSERT INTO users VALUES(44, 'Adam', 'adam@gmail.com', CURRENT_TIMESTAMP, NULL);
INSERT INTO users VALUES(45, 'Angela', 'angela@gmail.com', CURRENT_TIMESTAMP, NULL);
INSERT INTO users VALUES(46, 'Melissa', 'melissa@gmail.com', CURRENT_TIMESTAMP, NULL);
INSERT INTO users VALUES(47, 'Jared', 'jared@gmail.com', CURRENT_TIMESTAMP, NULL);
INSERT INTO users VALUES(48, 'Brent', 'brent@gmail.com', CURRENT_TIMESTAMP, NULL);
INSERT INTO users VALUES(49, 'Taylor', 'taylor@gmail.com', CURRENT_TIMESTAMP, NULL);
INSERT INTO users VALUES(50, 'Morgan', 'morgan@gmail.com', CURRENT_TIMESTAMP, NULL);
INSERT INTO users VALUES(51, 'Allison', 'allison@gmail.com', CURRENT_TIMESTAMP, NULL);
INSERT INTO users VALUES(52, 'Tyler', 'tyler@gmail.com', CURRENT_TIMESTAMP, NULL);
INSERT INTO users VALUES(53, 'Michael', 'michael@gmail.com', CURRENT_TIMESTAMP, NULL);
INSERT INTO users VALUES(54, 'Kristina', 'kristina@gmail.com', CURRENT_TIMESTAMP, NULL);
INSERT INTO users VALUES(55, 'Pedro', 'pedro@gmail.com', CURRENT_TIMESTAMP, NULL);
INSERT INTO users VALUES(56, 'Brandon', 'brandon@gmail.com', CURRENT_TIMESTAMP, NULL);
INSERT INTO users VALUES(57, 'Brendan', 'brendan@gmail.com', CURRENT_TIMESTAMP, NULL);
INSERT INTO users VALUES(58, 'Jacob', 'jacob@gmail.com', CURRENT_TIMESTAMP, NULL);
INSERT INTO users VALUES(59, 'Abby', 'abby@gmail.com', CURRENT_TIMESTAMP, NULL);
INSERT INTO users VALUES(60, 'Alex', 'alex@gmail.com', CURRENT_TIMESTAMP, NULL);
INSERT INTO users VALUES(61, 'Natalie', 'natalie@gmail.com', CURRENT_TIMESTAMP, NULL);
INSERT INTO users VALUES(62, 'Casey', 'casey@gmail.com', CURRENT_TIMESTAMP, NULL);
INSERT INTO users VALUES(63, 'Andrew', 'andrew@gmail.com', CURRENT_TIMESTAMP, NULL);
INSERT INTO users VALUES(64, 'Greg', 'greg@gmail.com', CURRENT_TIMESTAMP, NULL);
INSERT INTO users VALUES(65, 'Jordan', 'jordan@gmail.com', CURRENT_TIMESTAMP, NULL);
INSERT INTO users VALUES(66, 'David', 'david@gmail.com', CURRENT_TIMESTAMP, NULL);
INSERT INTO users VALUES(67, 'Jon', 'jon@gmail.com', CURRENT_TIMESTAMP, NULL);
INSERT INTO users VALUES(68, 'Jonathan', 'jonathan@gmail.com', CURRENT_TIMESTAMP, NULL);
INSERT INTO users VALUES(69, 'Jamie', 'jamie@gmail.com', CURRENT_TIMESTAMP, NULL);
INSERT INTO users VALUES(70, 'Chad', 'chad@gmail.com', CURRENT_TIMESTAMP, NULL);
INSERT INTO users VALUES(71, 'Paul', 'paul@gmail.com', CURRENT_TIMESTAMP, NULL);
INSERT INTO users VALUES(72, 'George', 'george@gmail.com', CURRENT_TIMESTAMP, NULL);
INSERT INTO users VALUES(73, 'Anne', 'anne@gmail.com', CURRENT_TIMESTAMP, NULL);
INSERT INTO users VALUES(74, 'Rita', 'rita@gmail.com', CURRENT_TIMESTAMP, NULL);
INSERT INTO users VALUES(75, 'Gary', 'gary@gmail.com', CURRENT_TIMESTAMP, NULL);
INSERT INTO users VALUES(76, 'Susa', 'susan@gmail.com', CURRENT_TIMESTAMP, NULL);
INSERT INTO users VALUES(77, 'Marie', 'marie@gmail.com', CURRENT_TIMESTAMP, NULL);
INSERT INTO users VALUES(78, 'Ryan', 'ryan@gmail.com', CURRENT_TIMESTAMP, NULL);
INSERT INTO users VALUES(79, 'Evan', 'evan@gmail.com', CURRENT_TIMESTAMP, NULL);
INSERT INTO users VALUES(80, 'Vincent', 'vincent@gmail.com', CURRENT_TIMESTAMP, NULL);
INSERT INTO users VALUES(81, 'Mackenzie', 'mackenzie@gmail.com', CURRENT_TIMESTAMP, NULL);
INSERT INTO users VALUES(82, 'Frank', 'frank@gmail.com', CURRENT_TIMESTAMP, NULL);
INSERT INTO users VALUES(83, 'Jeff', 'jeff@gmail.com', CURRENT_TIMESTAMP, NULL);
INSERT INTO users VALUES(84, 'Jean', 'jean@gmail.com', CURRENT_TIMESTAMP, NULL);
INSERT INTO users VALUES(85, 'Emily', 'emily@gmail.com', CURRENT_TIMESTAMP, NULL);
INSERT INTO users VALUES(86, 'Connor', 'connor@gmail.com', CURRENT_TIMESTAMP, NULL);
INSERT INTO users VALUES(87, 'Calvin', 'calvin@gmail.com', CURRENT_TIMESTAMP, NULL);
INSERT INTO users VALUES(88, 'Justin', 'justin@gmail.com', CURRENT_TIMESTAMP, NULL);
INSERT INTO users VALUES(89, 'Patrick', 'patrick@gmail.com', CURRENT_TIMESTAMP, NULL);
INSERT INTO users VALUES(90, 'Olivia', 'olivia@gmail.com', CURRENT_TIMESTAMP, NULL);
INSERT INTO users VALUES(91, 'Amanda', 'amanda@gmail.com', CURRENT_TIMESTAMP, NULL);
INSERT INTO users VALUES(92, 'Jesse', 'jesse@gmail.com', CURRENT_TIMESTAMP, NULL);
INSERT INTO users VALUES(93, 'Zoe', 'zoe@gmail.com', CURRENT_TIMESTAMP, NULL);
INSERT INTO users VALUES(94, 'Mark', 'mark@gmail.com', CURRENT_TIMESTAMP, NULL);
INSERT INTO users VALUES(95, 'Madison', 'madison@gmail.com', CURRENT_TIMESTAMP, NULL);
INSERT INTO users VALUES(96, 'Jimmy', 'jimmy@gmail.com', CURRENT_TIMESTAMP, NULL);
INSERT INTO users VALUES(97, 'Rick', 'rick@gmail.com', CURRENT_TIMESTAMP, NULL);
INSERT INTO users VALUES(98, 'Shane', 'shane@gmail.com', CURRENT_TIMESTAMP, NULL);
INSERT INTO users VALUES(99, 'Karen', 'karen@gmail.com', CURRENT_TIMESTAMP, NULL);
INSERT INTO users VALUES(100, 'Tony', 'tony@gmail.com', CURRENT_TIMESTAMP, NULL);

INSERT INTO friendships (user_a, user_b) VALUES(1, 2);
INSERT INTO friendships (user_a, user_b) VALUES(2, 3);
INSERT INTO friendships (user_a, user_b) VALUES(3, 4);
INSERT INTO friendships (user_a, user_b) VALUES(4, 5);
INSERT INTO friendships (user_a, user_b) VALUES(5, 6);
INSERT INTO friendships (user_a, user_b) VALUES(6, 7);
INSERT INTO friendships (user_a, user_b) VALUES(7, 8);
INSERT INTO friendships (user_a, user_b) VALUES(8, 9);
INSERT INTO friendships (user_a, user_b) VALUES(9, 10);
INSERT INTO friendships (user_a, user_b) VALUES(10, 11);
INSERT INTO friendships (user_a, user_b) VALUES(11, 12);
INSERT INTO friendships (user_a, user_b) VALUES(12, 13);
INSERT INTO friendships (user_a, user_b) VALUES(13, 14);
INSERT INTO friendships (user_a, user_b) VALUES(14, 15);
INSERT INTO friendships (user_a, user_b) VALUES(15, 16);
INSERT INTO friendships (user_a, user_b) VALUES(16, 17);
INSERT INTO friendships (user_a, user_b) VALUES(17, 18);
INSERT INTO friendships (user_a, user_b) VALUES(18, 19);
INSERT INTO friendships (user_a, user_b) VALUES(19, 20);
INSERT INTO friendships (user_a, user_b) VALUES(20, 21);
INSERT INTO friendships (user_a, user_b) VALUES(21, 22);
INSERT INTO friendships (user_a, user_b) VALUES(22, 23);
INSERT INTO friendships (user_a, user_b) VALUES(23, 24);
INSERT INTO friendships (user_a, user_b) VALUES(24, 25);
INSERT INTO friendships (user_a, user_b) VALUES(25, 26);
INSERT INTO friendships (user_a, user_b) VALUES(26, 27);
INSERT INTO friendships (user_a, user_b) VALUES(27, 28);
INSERT INTO friendships (user_a, user_b) VALUES(28, 29);
INSERT INTO friendships (user_a, user_b) VALUES(29, 30);
INSERT INTO friendships (user_a, user_b) VALUES(30, 31);
INSERT INTO friendships (user_a, user_b) VALUES(31, 32);
INSERT INTO friendships (user_a, user_b) VALUES(32, 33);
INSERT INTO friendships (user_a, user_b) VALUES(33, 34);
INSERT INTO friendships (user_a, user_b) VALUES(34, 35);
INSERT INTO friendships (user_a, user_b) VALUES(35, 36);
INSERT INTO friendships (user_a, user_b) VALUES(36, 37);
INSERT INTO friendships (user_a, user_b) VALUES(37, 38);
INSERT INTO friendships (user_a, user_b) VALUES(38, 39);
INSERT INTO friendships (user_a, user_b) VALUES(39, 40);
INSERT INTO friendships (user_a, user_b) VALUES(40, 41);
INSERT INTO friendships (user_a, user_b) VALUES(41, 42);
INSERT INTO friendships (user_a, user_b) VALUES(42, 43);
INSERT INTO friendships (user_a, user_b) VALUES(43, 44);
INSERT INTO friendships (user_a, user_b) VALUES(44, 45);
INSERT INTO friendships (user_a, user_b) VALUES(45, 46);
INSERT INTO friendships (user_a, user_b) VALUES(46, 47);
INSERT INTO friendships (user_a, user_b) VALUES(47, 48);
INSERT INTO friendships (user_a, user_b) VALUES(48, 49);
INSERT INTO friendships (user_a, user_b) VALUES(49, 50);
INSERT INTO friendships (user_a, user_b) VALUES(50, 51);
INSERT INTO friendships (user_a, user_b) VALUES(51, 52);
INSERT INTO friendships (user_a, user_b) VALUES(52, 53);
INSERT INTO friendships (user_a, user_b) VALUES(53, 54);
INSERT INTO friendships (user_a, user_b) VALUES(54, 55);
INSERT INTO friendships (user_a, user_b) VALUES(55, 56);
INSERT INTO friendships (user_a, user_b) VALUES(56, 57);
INSERT INTO friendships (user_a, user_b) VALUES(57, 58);
INSERT INTO friendships (user_a, user_b) VALUES(58, 59);
INSERT INTO friendships (user_a, user_b) VALUES(59, 60);
INSERT INTO friendships (user_a, user_b) VALUES(60, 61);
INSERT INTO friendships (user_a, user_b) VALUES(61, 62);
INSERT INTO friendships (user_a, user_b) VALUES(62, 63);
INSERT INTO friendships (user_a, user_b) VALUES(63, 64);
INSERT INTO friendships (user_a, user_b) VALUES(64, 65);
INSERT INTO friendships (user_a, user_b) VALUES(65, 66);
INSERT INTO friendships (user_a, user_b) VALUES(66, 67);
INSERT INTO friendships (user_a, user_b) VALUES(67, 68);
INSERT INTO friendships (user_a, user_b) VALUES(68, 69);
INSERT INTO friendships (user_a, user_b) VALUES(69, 70);
INSERT INTO friendships (user_a, user_b) VALUES(70, 71);
INSERT INTO friendships (user_a, user_b) VALUES(71, 72);
INSERT INTO friendships (user_a, user_b) VALUES(72, 73);
INSERT INTO friendships (user_a, user_b) VALUES(73, 74);
INSERT INTO friendships (user_a, user_b) VALUES(74, 75);
INSERT INTO friendships (user_a, user_b) VALUES(75, 76);
INSERT INTO friendships (user_a, user_b) VALUES(76, 77);
INSERT INTO friendships (user_a, user_b) VALUES(77, 78);
INSERT INTO friendships (user_a, user_b) VALUES(78, 79);
INSERT INTO friendships (user_a, user_b) VALUES(79, 80);
INSERT INTO friendships (user_a, user_b) VALUES(80, 81);
INSERT INTO friendships (user_a, user_b) VALUES(81, 82);
INSERT INTO friendships (user_a, user_b) VALUES(82, 83);
INSERT INTO friendships (user_a, user_b) VALUES(83, 84);
INSERT INTO friendships (user_a, user_b) VALUES(84, 85);
INSERT INTO friendships (user_a, user_b) VALUES(85, 86);
INSERT INTO friendships (user_a, user_b) VALUES(86, 87);
INSERT INTO friendships (user_a, user_b) VALUES(87, 88);
INSERT INTO friendships (user_a, user_b) VALUES(88, 89);
INSERT INTO friendships (user_a, user_b) VALUES(89, 90);
INSERT INTO friendships (user_a, user_b) VALUES(90, 91);
INSERT INTO friendships (user_a, user_b) VALUES(91, 92);
INSERT INTO friendships (user_a, user_b) VALUES(92, 93);
INSERT INTO friendships (user_a, user_b) VALUES(93, 94);
INSERT INTO friendships (user_a, user_b) VALUES(94, 95);
INSERT INTO friendships (user_a, user_b) VALUES(95, 96);
INSERT INTO friendships (user_a, user_b) VALUES(96, 97);
INSERT INTO friendships (user_a, user_b) VALUES(97, 98);
INSERT INTO friendships (user_a, user_b) VALUES(98, 99);
INSERT INTO friendships (user_a, user_b) VALUES(99, 100);
INSERT INTO friendships (user_a, user_b) VALUES(100, 1);
INSERT INTO friendships (user_a, user_b) VALUES(91, 2);
INSERT INTO friendships (user_a, user_b) VALUES(92, 3);
INSERT INTO friendships (user_a, user_b) VALUES(93, 4);
INSERT INTO friendships (user_a, user_b) VALUES(94, 5);
INSERT INTO friendships (user_a, user_b) VALUES(95, 6);
INSERT INTO friendships (user_a, user_b) VALUES(96, 7);
INSERT INTO friendships (user_a, user_b) VALUES(97, 8);
INSERT INTO friendships (user_a, user_b) VALUES(98, 9);
INSERT INTO friendships (user_a, user_b) VALUES(99, 10);
INSERT INTO friendships (user_a, user_b) VALUES(90, 11);
INSERT INTO friendships (user_a, user_b) VALUES(81, 12);
INSERT INTO friendships (user_a, user_b) VALUES(82, 13);
INSERT INTO friendships (user_a, user_b) VALUES(83, 14);
INSERT INTO friendships (user_a, user_b) VALUES(84, 15);
INSERT INTO friendships (user_a, user_b) VALUES(85, 16);
INSERT INTO friendships (user_a, user_b) VALUES(86, 17);
INSERT INTO friendships (user_a, user_b) VALUES(87, 18);
INSERT INTO friendships (user_a, user_b) VALUES(88, 19);
INSERT INTO friendships (user_a, user_b) VALUES(89, 20);
INSERT INTO friendships (user_a, user_b) VALUES(80, 21);
INSERT INTO friendships (user_a, user_b) VALUES(71, 22);
INSERT INTO friendships (user_a, user_b) VALUES(72, 23);
INSERT INTO friendships (user_a, user_b) VALUES(73, 24);
INSERT INTO friendships (user_a, user_b) VALUES(74, 25);
INSERT INTO friendships (user_a, user_b) VALUES(75, 26);
INSERT INTO friendships (user_a, user_b) VALUES(76, 27);
INSERT INTO friendships (user_a, user_b) VALUES(77, 28);
INSERT INTO friendships (user_a, user_b) VALUES(78, 29);
INSERT INTO friendships (user_a, user_b) VALUES(79, 30);
INSERT INTO friendships (user_a, user_b) VALUES(70, 31);
INSERT INTO friendships (user_a, user_b) VALUES(61, 32);
INSERT INTO friendships (user_a, user_b) VALUES(62, 33);
INSERT INTO friendships (user_a, user_b) VALUES(63, 34);
INSERT INTO friendships (user_a, user_b) VALUES(64, 35);
INSERT INTO friendships (user_a, user_b) VALUES(65, 36);
INSERT INTO friendships (user_a, user_b) VALUES(66, 37);
INSERT INTO friendships (user_a, user_b) VALUES(67, 38);
INSERT INTO friendships (user_a, user_b) VALUES(68, 39);
INSERT INTO friendships (user_a, user_b) VALUES(69, 40);
INSERT INTO friendships (user_a, user_b) VALUES(50, 41);
INSERT INTO friendships (user_a, user_b) VALUES(51, 42);
INSERT INTO friendships (user_a, user_b) VALUES(52, 43);
INSERT INTO friendships (user_a, user_b) VALUES(53, 44);
INSERT INTO friendships (user_a, user_b) VALUES(54, 45);
INSERT INTO friendships (user_a, user_b) VALUES(55, 46);
INSERT INTO friendships (user_a, user_b) VALUES(56, 47);
INSERT INTO friendships (user_a, user_b) VALUES(57, 48);
INSERT INTO friendships (user_a, user_b) VALUES(58, 49);
INSERT INTO friendships (user_a, user_b) VALUES(59, 50);
INSERT INTO friendships (user_a, user_b) VALUES(60, 51);
INSERT INTO friendships (user_a, user_b) VALUES(41, 52);
INSERT INTO friendships (user_a, user_b) VALUES(42, 53);
INSERT INTO friendships (user_a, user_b) VALUES(43, 54);
INSERT INTO friendships (user_a, user_b) VALUES(44, 55);
INSERT INTO friendships (user_a, user_b) VALUES(45, 56);
INSERT INTO friendships (user_a, user_b) VALUES(46, 57);
INSERT INTO friendships (user_a, user_b) VALUES(47, 58);
INSERT INTO friendships (user_a, user_b) VALUES(48, 59);
INSERT INTO friendships (user_a, user_b) VALUES(49, 60);
INSERT INTO friendships (user_a, user_b) VALUES(40, 61);
INSERT INTO friendships (user_a, user_b) VALUES(31, 62);
INSERT INTO friendships (user_a, user_b) VALUES(32, 63);
INSERT INTO friendships (user_a, user_b) VALUES(33, 64);
INSERT INTO friendships (user_a, user_b) VALUES(34, 65);
INSERT INTO friendships (user_a, user_b) VALUES(35, 66);
INSERT INTO friendships (user_a, user_b) VALUES(36, 67);
INSERT INTO friendships (user_a, user_b) VALUES(37, 68);
INSERT INTO friendships (user_a, user_b) VALUES(38, 69);
INSERT INTO friendships (user_a, user_b) VALUES(39, 70);
INSERT INTO friendships (user_a, user_b) VALUES(30, 71);
INSERT INTO friendships (user_a, user_b) VALUES(21, 72);
INSERT INTO friendships (user_a, user_b) VALUES(22, 73);
INSERT INTO friendships (user_a, user_b) VALUES(23, 74);
INSERT INTO friendships (user_a, user_b) VALUES(24, 75);
INSERT INTO friendships (user_a, user_b) VALUES(25, 76);
INSERT INTO friendships (user_a, user_b) VALUES(26, 77);
INSERT INTO friendships (user_a, user_b) VALUES(27, 78);
INSERT INTO friendships (user_a, user_b) VALUES(28, 79);
INSERT INTO friendships (user_a, user_b) VALUES(29, 80);
INSERT INTO friendships (user_a, user_b) VALUES(20, 81);
INSERT INTO friendships (user_a, user_b) VALUES(11, 82);
INSERT INTO friendships (user_a, user_b) VALUES(12, 83);
INSERT INTO friendships (user_a, user_b) VALUES(13, 84);
INSERT INTO friendships (user_a, user_b) VALUES(14, 85);
INSERT INTO friendships (user_a, user_b) VALUES(15, 86);
INSERT INTO friendships (user_a, user_b) VALUES(16, 87);
INSERT INTO friendships (user_a, user_b) VALUES(17, 88);
INSERT INTO friendships (user_a, user_b) VALUES(18, 89);
INSERT INTO friendships (user_a, user_b) VALUES(19, 90);
INSERT INTO friendships (user_a, user_b) VALUES(10, 91);
INSERT INTO friendships (user_a, user_b) VALUES(1, 92);
INSERT INTO friendships (user_a, user_b) VALUES(2, 93);
INSERT INTO friendships (user_a, user_b) VALUES(3, 94);
INSERT INTO friendships (user_a, user_b) VALUES(4, 95);
INSERT INTO friendships (user_a, user_b) VALUES(5, 96);
INSERT INTO friendships (user_a, user_b) VALUES(6, 97);
INSERT INTO friendships (user_a, user_b) VALUES(7, 98);
INSERT INTO friendships (user_a, user_b) VALUES(8, 99);
INSERT INTO friendships (user_a, user_b) VALUES(9, 100);
INSERT INTO friendships (user_a, user_b) VALUES(1, 100);

INSERT INTO groups VALUES (1, 'Group1', 'group 1', 10);
INSERT INTO groups VALUES (2, 'Group2', 'group 2', 10);
INSERT INTO groups VALUES (3, 'Group3', 'group 3', 10);
INSERT INTO groups VALUES (4, 'Group4', 'group 4', 10);
INSERT INTO groups VALUES (5, 'Group5', 'group 5', 10);
INSERT INTO groups VALUES (6, 'Group6', 'group 6', 10);
INSERT INTO groups VALUES (7, 'Group7', 'group 7', 10);
INSERT INTO groups VALUES (8, 'Group8', 'group 8', 10);
INSERT INTO groups VALUES (9, 'Group9', 'group 9', 10);
INSERT INTO groups VALUES (10, 'Group10', 'group 10', 10);

INSERT INTO members VALUES (1, 1);
INSERT INTO members VALUES (2, 1);
INSERT INTO members VALUES (3, 1);
INSERT INTO members VALUES (4, 1);
INSERT INTO members VALUES (5, 1);
INSERT INTO members VALUES (6, 2);
INSERT INTO members VALUES (7, 2);
INSERT INTO members VALUES (8, 2);
INSERT INTO members VALUES (9, 2);
INSERT INTO members VALUES (10, 2);
INSERT INTO members VALUES (11, 3);
INSERT INTO members VALUES (12, 3);
INSERT INTO members VALUES (13, 3);
INSERT INTO members VALUES (14, 3);
INSERT INTO members VALUES (15, 3);
INSERT INTO members VALUES (16, 4);
INSERT INTO members VALUES (17, 4);
INSERT INTO members VALUES (18, 4);
INSERT INTO members VALUES (19, 4);
INSERT INTO members VALUES (20, 4);
INSERT INTO members VALUES (21, 5);
INSERT INTO members VALUES (22, 5);
INSERT INTO members VALUES (23, 5);
INSERT INTO members VALUES (24, 5);
INSERT INTO members VALUES (25, 5);
INSERT INTO members VALUES (26, 6);
INSERT INTO members VALUES (27, 6);
INSERT INTO members VALUES (28, 6);
INSERT INTO members VALUES (29, 6);
INSERT INTO members VALUES (30, 6);
INSERT INTO members VALUES (31, 7);
INSERT INTO members VALUES (32, 7);
INSERT INTO members VALUES (33, 7);
INSERT INTO members VALUES (34, 7);
INSERT INTO members VALUES (35, 7);
INSERT INTO members VALUES (36, 8);
INSERT INTO members VALUES (37, 8);
INSERT INTO members VALUES (38, 8);
INSERT INTO members VALUES (39, 8);
INSERT INTO members VALUES (40, 8);
INSERT INTO members VALUES (41, 9);
INSERT INTO members VALUES (42, 9);
INSERT INTO members VALUES (43, 9);
INSERT INTO members VALUES (44, 9);
INSERT INTO members VALUES (45, 9);
INSERT INTO members VALUES (46, 10);
INSERT INTO members VALUES (47, 10);
INSERT INTO members VALUES (48, 10);
INSERT INTO members VALUES (49, 10);
INSERT INTO members VALUES (50, 10);

INSERT INTO messages (msg_ID, sender, date_sent, r_ID, is_user) VALUES (1, 1, CURRENT_TIMESTAMP, 100, 1);
INSERT INTO messages (msg_ID, sender, date_sent, r_ID, is_user) VALUES (2, 2, CURRENT_TIMESTAMP, 100, 1);
INSERT INTO messages (msg_ID, sender, date_sent, r_ID, is_user) VALUES (3, 3, CURRENT_TIMESTAMP, 100, 1);
INSERT INTO messages (msg_ID, sender, date_sent, r_ID, is_user) VALUES (4, 4, CURRENT_TIMESTAMP, 100, 1);
INSERT INTO messages (msg_ID, sender, date_sent, r_ID, is_user) VALUES (5, 5, CURRENT_TIMESTAMP, 100, 1);
INSERT INTO messages (msg_ID, sender, date_sent, r_ID, is_user) VALUES (6, 6, CURRENT_TIMESTAMP, 100, 1);
INSERT INTO messages (msg_ID, sender, date_sent, r_ID, is_user) VALUES (7, 7, CURRENT_TIMESTAMP, 100, 1);
INSERT INTO messages (msg_ID, sender, date_sent, r_ID, is_user) VALUES (8, 8, CURRENT_TIMESTAMP, 100, 1);
INSERT INTO messages (msg_ID, sender, date_sent, r_ID, is_user) VALUES (9, 9, CURRENT_TIMESTAMP, 100, 1);
INSERT INTO messages (msg_ID, sender, date_sent, r_ID, is_user) VALUES (10, 10, CURRENT_TIMESTAMP, 100, 1);
INSERT INTO messages (msg_ID, sender, date_sent, r_ID, is_user) VALUES (11, 11, CURRENT_TIMESTAMP, 100, 1);
INSERT INTO messages (msg_ID, sender, date_sent, r_ID, is_user) VALUES (12, 12, CURRENT_TIMESTAMP, 100, 1);
INSERT INTO messages (msg_ID, sender, date_sent, r_ID, is_user) VALUES (13, 13, CURRENT_TIMESTAMP, 100, 1);
INSERT INTO messages (msg_ID, sender, date_sent, r_ID, is_user) VALUES (14, 14, CURRENT_TIMESTAMP, 100, 1);
INSERT INTO messages (msg_ID, sender, date_sent, r_ID, is_user) VALUES (15, 15, CURRENT_TIMESTAMP, 100, 1);
INSERT INTO messages (msg_ID, sender, date_sent, r_ID, is_user) VALUES (16, 16, CURRENT_TIMESTAMP, 100, 1);
INSERT INTO messages (msg_ID, sender, date_sent, r_ID, is_user) VALUES (17, 17, CURRENT_TIMESTAMP, 100, 1);
INSERT INTO messages (msg_ID, sender, date_sent, r_ID, is_user) VALUES (18, 18, CURRENT_TIMESTAMP, 100, 1);
INSERT INTO messages (msg_ID, sender, date_sent, r_ID, is_user) VALUES (19, 19, CURRENT_TIMESTAMP, 100, 1);
INSERT INTO messages (msg_ID, sender, date_sent, r_ID, is_user) VALUES (20, 20, CURRENT_TIMESTAMP, 100, 1);
INSERT INTO messages (msg_ID, sender, date_sent, r_ID, is_user) VALUES (21, 21, CURRENT_TIMESTAMP, 100, 1);
INSERT INTO messages (msg_ID, sender, date_sent, r_ID, is_user) VALUES (22, 22, CURRENT_TIMESTAMP, 100, 1);
INSERT INTO messages (msg_ID, sender, date_sent, r_ID, is_user) VALUES (23, 23, CURRENT_TIMESTAMP, 100, 1);
INSERT INTO messages (msg_ID, sender, date_sent, r_ID, is_user) VALUES (24, 24, CURRENT_TIMESTAMP, 100, 1);
INSERT INTO messages (msg_ID, sender, date_sent, r_ID, is_user) VALUES (25, 25, CURRENT_TIMESTAMP, 100, 1);
INSERT INTO messages (msg_ID, sender, date_sent, r_ID, is_user) VALUES (26, 26, CURRENT_TIMESTAMP, 100, 1);
INSERT INTO messages (msg_ID, sender, date_sent, r_ID, is_user) VALUES (27, 27, CURRENT_TIMESTAMP, 100, 1);
INSERT INTO messages (msg_ID, sender, date_sent, r_ID, is_user) VALUES (28, 28, CURRENT_TIMESTAMP, 100, 1);
INSERT INTO messages (msg_ID, sender, date_sent, r_ID, is_user) VALUES (29, 29, CURRENT_TIMESTAMP, 100, 1);
INSERT INTO messages (msg_ID, sender, date_sent, r_ID, is_user) VALUES (30, 30, CURRENT_TIMESTAMP, 100, 1);
INSERT INTO messages (msg_ID, sender, date_sent, r_ID, is_user) VALUES (31, 31, CURRENT_TIMESTAMP, 100, 1);
INSERT INTO messages (msg_ID, sender, date_sent, r_ID, is_user) VALUES (32, 32, CURRENT_TIMESTAMP, 100, 1);
INSERT INTO messages (msg_ID, sender, date_sent, r_ID, is_user) VALUES (33, 33, CURRENT_TIMESTAMP, 100, 1);
INSERT INTO messages (msg_ID, sender, date_sent, r_ID, is_user) VALUES (34, 34, CURRENT_TIMESTAMP, 100, 1);
INSERT INTO messages (msg_ID, sender, date_sent, r_ID, is_user) VALUES (35, 35, CURRENT_TIMESTAMP, 100, 1);
INSERT INTO messages (msg_ID, sender, date_sent, r_ID, is_user) VALUES (36, 36, CURRENT_TIMESTAMP, 100, 1);
INSERT INTO messages (msg_ID, sender, date_sent, r_ID, is_user) VALUES (37, 37, CURRENT_TIMESTAMP, 100, 1);
INSERT INTO messages (msg_ID, sender, date_sent, r_ID, is_user) VALUES (38, 38, CURRENT_TIMESTAMP, 100, 1);
INSERT INTO messages (msg_ID, sender, date_sent, r_ID, is_user) VALUES (39, 39, CURRENT_TIMESTAMP, 100, 1);
INSERT INTO messages (msg_ID, sender, date_sent, r_ID, is_user) VALUES (40, 40, CURRENT_TIMESTAMP, 100, 1);
INSERT INTO messages (msg_ID, sender, date_sent, r_ID, is_user) VALUES (41, 41, CURRENT_TIMESTAMP, 100, 1);
INSERT INTO messages (msg_ID, sender, date_sent, r_ID, is_user) VALUES (42, 42, CURRENT_TIMESTAMP, 100, 1);
INSERT INTO messages (msg_ID, sender, date_sent, r_ID, is_user) VALUES (43, 43, CURRENT_TIMESTAMP, 100, 1);
INSERT INTO messages (msg_ID, sender, date_sent, r_ID, is_user) VALUES (44, 44, CURRENT_TIMESTAMP, 100, 1);
INSERT INTO messages (msg_ID, sender, date_sent, r_ID, is_user) VALUES (45, 45, CURRENT_TIMESTAMP, 100, 1);
INSERT INTO messages (msg_ID, sender, date_sent, r_ID, is_user) VALUES (46, 46, CURRENT_TIMESTAMP, 100, 1);
INSERT INTO messages (msg_ID, sender, date_sent, r_ID, is_user) VALUES (47, 47, CURRENT_TIMESTAMP, 100, 1);
INSERT INTO messages (msg_ID, sender, date_sent, r_ID, is_user) VALUES (48, 48, CURRENT_TIMESTAMP, 100, 1);
INSERT INTO messages (msg_ID, sender, date_sent, r_ID, is_user) VALUES (49, 49, CURRENT_TIMESTAMP, 100, 1);
INSERT INTO messages (msg_ID, sender, date_sent, r_ID, is_user) VALUES (50, 50, CURRENT_TIMESTAMP, 100, 1);
INSERT INTO messages (msg_ID, sender, date_sent, r_ID, is_user) VALUES (51, 51, CURRENT_TIMESTAMP, 100, 1);
INSERT INTO messages (msg_ID, sender, date_sent, r_ID, is_user) VALUES (52, 52, CURRENT_TIMESTAMP, 100, 1);
INSERT INTO messages (msg_ID, sender, date_sent, r_ID, is_user) VALUES (53, 53, CURRENT_TIMESTAMP, 100, 1);
INSERT INTO messages (msg_ID, sender, date_sent, r_ID, is_user) VALUES (54, 54, CURRENT_TIMESTAMP, 100, 1);
INSERT INTO messages (msg_ID, sender, date_sent, r_ID, is_user) VALUES (55, 55, CURRENT_TIMESTAMP, 100, 1);
INSERT INTO messages (msg_ID, sender, date_sent, r_ID, is_user) VALUES (56, 56, CURRENT_TIMESTAMP, 100, 1);
INSERT INTO messages (msg_ID, sender, date_sent, r_ID, is_user) VALUES (57, 57, CURRENT_TIMESTAMP, 100, 1);
INSERT INTO messages (msg_ID, sender, date_sent, r_ID, is_user) VALUES (58, 58, CURRENT_TIMESTAMP, 100, 1);
INSERT INTO messages (msg_ID, sender, date_sent, r_ID, is_user) VALUES (59, 59, CURRENT_TIMESTAMP, 100, 1);
INSERT INTO messages (msg_ID, sender, date_sent, r_ID, is_user) VALUES (60, 60, CURRENT_TIMESTAMP, 100, 1);
INSERT INTO messages (msg_ID, sender, date_sent, r_ID, is_user) VALUES (61, 61, CURRENT_TIMESTAMP, 100, 1);
INSERT INTO messages (msg_ID, sender, date_sent, r_ID, is_user) VALUES (62, 62, CURRENT_TIMESTAMP, 100, 1);
INSERT INTO messages (msg_ID, sender, date_sent, r_ID, is_user) VALUES (63, 63, CURRENT_TIMESTAMP, 100, 1);
INSERT INTO messages (msg_ID, sender, date_sent, r_ID, is_user) VALUES (64, 64, CURRENT_TIMESTAMP, 100, 1);
INSERT INTO messages (msg_ID, sender, date_sent, r_ID, is_user) VALUES (65, 65, CURRENT_TIMESTAMP, 100, 1);
INSERT INTO messages (msg_ID, sender, date_sent, r_ID, is_user) VALUES (66, 66, CURRENT_TIMESTAMP, 100, 1);
INSERT INTO messages (msg_ID, sender, date_sent, r_ID, is_user) VALUES (67, 67, CURRENT_TIMESTAMP, 100, 1);
INSERT INTO messages (msg_ID, sender, date_sent, r_ID, is_user) VALUES (68, 68, CURRENT_TIMESTAMP, 100, 1);
INSERT INTO messages (msg_ID, sender, date_sent, r_ID, is_user) VALUES (69, 69, CURRENT_TIMESTAMP, 100, 1);
INSERT INTO messages (msg_ID, sender, date_sent, r_ID, is_user) VALUES (70, 70, CURRENT_TIMESTAMP, 100, 1);
INSERT INTO messages (msg_ID, sender, date_sent, r_ID, is_user) VALUES (71, 71, CURRENT_TIMESTAMP, 100, 1);
INSERT INTO messages (msg_ID, sender, date_sent, r_ID, is_user) VALUES (72, 72, CURRENT_TIMESTAMP, 100, 1);
INSERT INTO messages (msg_ID, sender, date_sent, r_ID, is_user) VALUES (73, 73, CURRENT_TIMESTAMP, 100, 1);
INSERT INTO messages (msg_ID, sender, date_sent, r_ID, is_user) VALUES (74, 74, CURRENT_TIMESTAMP, 100, 1);
INSERT INTO messages (msg_ID, sender, date_sent, r_ID, is_user) VALUES (75, 75, CURRENT_TIMESTAMP, 100, 1);
INSERT INTO messages (msg_ID, sender, date_sent, r_ID, is_user) VALUES (76, 76, CURRENT_TIMESTAMP, 100, 1);
INSERT INTO messages (msg_ID, sender, date_sent, r_ID, is_user) VALUES (77, 77, CURRENT_TIMESTAMP, 100, 1);
INSERT INTO messages (msg_ID, sender, date_sent, r_ID, is_user) VALUES (78, 78, CURRENT_TIMESTAMP, 100, 1);
INSERT INTO messages (msg_ID, sender, date_sent, r_ID, is_user) VALUES (79, 79, CURRENT_TIMESTAMP, 100, 1);
INSERT INTO messages (msg_ID, sender, date_sent, r_ID, is_user) VALUES (80, 80, CURRENT_TIMESTAMP, 100, 1);
INSERT INTO messages (msg_ID, sender, date_sent, r_ID, is_user) VALUES (81, 81, CURRENT_TIMESTAMP, 100, 1);
INSERT INTO messages (msg_ID, sender, date_sent, r_ID, is_user) VALUES (82, 82, CURRENT_TIMESTAMP, 100, 1);
INSERT INTO messages (msg_ID, sender, date_sent, r_ID, is_user) VALUES (83, 83, CURRENT_TIMESTAMP, 100, 1);
INSERT INTO messages (msg_ID, sender, date_sent, r_ID, is_user) VALUES (84, 84, CURRENT_TIMESTAMP, 100, 1);
INSERT INTO messages (msg_ID, sender, date_sent, r_ID, is_user) VALUES (85, 85, CURRENT_TIMESTAMP, 100, 1);
INSERT INTO messages (msg_ID, sender, date_sent, r_ID, is_user) VALUES (86, 86, CURRENT_TIMESTAMP, 100, 1);
INSERT INTO messages (msg_ID, sender, date_sent, r_ID, is_user) VALUES (87, 87, CURRENT_TIMESTAMP, 100, 1);
INSERT INTO messages (msg_ID, sender, date_sent, r_ID, is_user) VALUES (88, 88, CURRENT_TIMESTAMP, 100, 1);
INSERT INTO messages (msg_ID, sender, date_sent, r_ID, is_user) VALUES (89, 89, CURRENT_TIMESTAMP, 100, 1);
INSERT INTO messages (msg_ID, sender, date_sent, r_ID, is_user) VALUES (90, 90, CURRENT_TIMESTAMP, 100, 1);
INSERT INTO messages (msg_ID, sender, date_sent, r_ID, is_user) VALUES (91, 91, CURRENT_TIMESTAMP, 100, 1);
INSERT INTO messages (msg_ID, sender, date_sent, r_ID, is_user) VALUES (92, 92, CURRENT_TIMESTAMP, 100, 1);
INSERT INTO messages (msg_ID, sender, date_sent, r_ID, is_user) VALUES (93, 93, CURRENT_TIMESTAMP, 100, 1);
INSERT INTO messages (msg_ID, sender, date_sent, r_ID, is_user) VALUES (94, 94, CURRENT_TIMESTAMP, 100, 1);
INSERT INTO messages (msg_ID, sender, date_sent, r_ID, is_user) VALUES (95, 95, CURRENT_TIMESTAMP, 100, 1);
INSERT INTO messages (msg_ID, sender, date_sent, r_ID, is_user) VALUES (96, 96, CURRENT_TIMESTAMP, 100, 1);
INSERT INTO messages (msg_ID, sender, date_sent, r_ID, is_user) VALUES (97, 97, CURRENT_TIMESTAMP, 100, 1);
INSERT INTO messages (msg_ID, sender, date_sent, r_ID, is_user) VALUES (98, 98, CURRENT_TIMESTAMP, 100, 1);
INSERT INTO messages (msg_ID, sender, date_sent, r_ID, is_user) VALUES (99, 99, CURRENT_TIMESTAMP, 100, 1);
INSERT INTO messages (msg_ID, sender, date_sent, r_ID, is_user) VALUES (100, 100, CURRENT_TIMESTAMP, 1, 1);
INSERT INTO messages (msg_ID, sender, date_sent, r_ID, is_user) VALUES (101, 1, CURRENT_TIMESTAMP, 10, 1);
INSERT INTO messages (msg_ID, sender, date_sent, r_ID, is_user) VALUES (102, 2, CURRENT_TIMESTAMP, 10, 1);
INSERT INTO messages (msg_ID, sender, date_sent, r_ID, is_user) VALUES (103, 3, CURRENT_TIMESTAMP, 10, 1);
INSERT INTO messages (msg_ID, sender, date_sent, r_ID, is_user) VALUES (104, 4, CURRENT_TIMESTAMP, 10, 1);
INSERT INTO messages (msg_ID, sender, date_sent, r_ID, is_user) VALUES (105, 5, CURRENT_TIMESTAMP, 10, 1);
INSERT INTO messages (msg_ID, sender, date_sent, r_ID, is_user) VALUES (106, 6, CURRENT_TIMESTAMP, 10, 1);
INSERT INTO messages (msg_ID, sender, date_sent, r_ID, is_user) VALUES (107, 7, CURRENT_TIMESTAMP, 10, 1);
INSERT INTO messages (msg_ID, sender, date_sent, r_ID, is_user) VALUES (108, 8, CURRENT_TIMESTAMP, 10, 1);
INSERT INTO messages (msg_ID, sender, date_sent, r_ID, is_user) VALUES (109, 9, CURRENT_TIMESTAMP, 10, 1);
INSERT INTO messages (msg_ID, sender, date_sent, r_ID, is_user) VALUES (110, 10, CURRENT_TIMESTAMP, 1, 1);
INSERT INTO messages (msg_ID, sender, date_sent, r_ID, is_user) VALUES (111, 11, CURRENT_TIMESTAMP, 10, 1);
INSERT INTO messages (msg_ID, sender, date_sent, r_ID, is_user) VALUES (112, 12, CURRENT_TIMESTAMP, 10, 1);
INSERT INTO messages (msg_ID, sender, date_sent, r_ID, is_user) VALUES (113, 13, CURRENT_TIMESTAMP, 10, 1);
INSERT INTO messages (msg_ID, sender, date_sent, r_ID, is_user) VALUES (114, 14, CURRENT_TIMESTAMP, 10, 1);
INSERT INTO messages (msg_ID, sender, date_sent, r_ID, is_user) VALUES (115, 15, CURRENT_TIMESTAMP, 10, 1);
INSERT INTO messages (msg_ID, sender, date_sent, r_ID, is_user) VALUES (116, 16, CURRENT_TIMESTAMP, 10, 1);
INSERT INTO messages (msg_ID, sender, date_sent, r_ID, is_user) VALUES (117, 17, CURRENT_TIMESTAMP, 10, 1);
INSERT INTO messages (msg_ID, sender, date_sent, r_ID, is_user) VALUES (118, 18, CURRENT_TIMESTAMP, 10, 1);
INSERT INTO messages (msg_ID, sender, date_sent, r_ID, is_user) VALUES (119, 19, CURRENT_TIMESTAMP, 10, 1);
INSERT INTO messages (msg_ID, sender, date_sent, r_ID, is_user) VALUES (120, 20, CURRENT_TIMESTAMP, 10, 1);
INSERT INTO messages (msg_ID, sender, date_sent, r_ID, is_user) VALUES (121, 21, CURRENT_TIMESTAMP, 10, 1);
INSERT INTO messages (msg_ID, sender, date_sent, r_ID, is_user) VALUES (122, 22, CURRENT_TIMESTAMP, 10, 1);
INSERT INTO messages (msg_ID, sender, date_sent, r_ID, is_user) VALUES (123, 23, CURRENT_TIMESTAMP, 10, 1);
INSERT INTO messages (msg_ID, sender, date_sent, r_ID, is_user) VALUES (124, 24, CURRENT_TIMESTAMP, 10, 1);
INSERT INTO messages (msg_ID, sender, date_sent, r_ID, is_user) VALUES (125, 25, CURRENT_TIMESTAMP, 10, 1);
INSERT INTO messages (msg_ID, sender, date_sent, r_ID, is_user) VALUES (126, 26, CURRENT_TIMESTAMP, 10, 1);
INSERT INTO messages (msg_ID, sender, date_sent, r_ID, is_user) VALUES (127, 27, CURRENT_TIMESTAMP, 10, 1);
INSERT INTO messages (msg_ID, sender, date_sent, r_ID, is_user) VALUES (128, 28, CURRENT_TIMESTAMP, 10, 1);
INSERT INTO messages (msg_ID, sender, date_sent, r_ID, is_user) VALUES (129, 29, CURRENT_TIMESTAMP, 10, 1);
INSERT INTO messages (msg_ID, sender, date_sent, r_ID, is_user) VALUES (130, 30, CURRENT_TIMESTAMP, 10, 1);
INSERT INTO messages (msg_ID, sender, date_sent, r_ID, is_user) VALUES (131, 31, CURRENT_TIMESTAMP, 10, 1);
INSERT INTO messages (msg_ID, sender, date_sent, r_ID, is_user) VALUES (132, 32, CURRENT_TIMESTAMP, 10, 1);
INSERT INTO messages (msg_ID, sender, date_sent, r_ID, is_user) VALUES (133, 33, CURRENT_TIMESTAMP, 10, 1);
INSERT INTO messages (msg_ID, sender, date_sent, r_ID, is_user) VALUES (134, 34, CURRENT_TIMESTAMP, 10, 1);
INSERT INTO messages (msg_ID, sender, date_sent, r_ID, is_user) VALUES (135, 35, CURRENT_TIMESTAMP, 10, 1);
INSERT INTO messages (msg_ID, sender, date_sent, r_ID, is_user) VALUES (136, 36, CURRENT_TIMESTAMP, 10, 1);
INSERT INTO messages (msg_ID, sender, date_sent, r_ID, is_user) VALUES (137, 37, CURRENT_TIMESTAMP, 10, 1);
INSERT INTO messages (msg_ID, sender, date_sent, r_ID, is_user) VALUES (138, 38, CURRENT_TIMESTAMP, 10, 1);
INSERT INTO messages (msg_ID, sender, date_sent, r_ID, is_user) VALUES (139, 39, CURRENT_TIMESTAMP, 10, 1);
INSERT INTO messages (msg_ID, sender, date_sent, r_ID, is_user) VALUES (140, 40, CURRENT_TIMESTAMP, 10, 1);
INSERT INTO messages (msg_ID, sender, date_sent, r_ID, is_user) VALUES (141, 41, CURRENT_TIMESTAMP, 10, 1);
INSERT INTO messages (msg_ID, sender, date_sent, r_ID, is_user) VALUES (142, 42, CURRENT_TIMESTAMP, 10, 1);
INSERT INTO messages (msg_ID, sender, date_sent, r_ID, is_user) VALUES (143, 43, CURRENT_TIMESTAMP, 10, 1);
INSERT INTO messages (msg_ID, sender, date_sent, r_ID, is_user) VALUES (144, 44, CURRENT_TIMESTAMP, 10, 1);
INSERT INTO messages (msg_ID, sender, date_sent, r_ID, is_user) VALUES (145, 45, CURRENT_TIMESTAMP, 10, 1);
INSERT INTO messages (msg_ID, sender, date_sent, r_ID, is_user) VALUES (146, 46, CURRENT_TIMESTAMP, 10, 1);
INSERT INTO messages (msg_ID, sender, date_sent, r_ID, is_user) VALUES (147, 47, CURRENT_TIMESTAMP, 10, 1);
INSERT INTO messages (msg_ID, sender, date_sent, r_ID, is_user) VALUES (148, 48, CURRENT_TIMESTAMP, 10, 1);
INSERT INTO messages (msg_ID, sender, date_sent, r_ID, is_user) VALUES (149, 49, CURRENT_TIMESTAMP, 10, 1);
INSERT INTO messages (msg_ID, sender, date_sent, r_ID, is_user) VALUES (150, 50, CURRENT_TIMESTAMP, 10, 1);
INSERT INTO messages (msg_ID, sender, date_sent, r_ID, is_user) VALUES (151, 51, CURRENT_TIMESTAMP, 10, 1);
INSERT INTO messages (msg_ID, sender, date_sent, r_ID, is_user) VALUES (152, 52, CURRENT_TIMESTAMP, 10, 1);
INSERT INTO messages (msg_ID, sender, date_sent, r_ID, is_user) VALUES (153, 53, CURRENT_TIMESTAMP, 10, 1);
INSERT INTO messages (msg_ID, sender, date_sent, r_ID, is_user) VALUES (154, 54, CURRENT_TIMESTAMP, 10, 1);
INSERT INTO messages (msg_ID, sender, date_sent, r_ID, is_user) VALUES (155, 55, CURRENT_TIMESTAMP, 10, 1);
INSERT INTO messages (msg_ID, sender, date_sent, r_ID, is_user) VALUES (156, 56, CURRENT_TIMESTAMP, 10, 1);
INSERT INTO messages (msg_ID, sender, date_sent, r_ID, is_user) VALUES (157, 57, CURRENT_TIMESTAMP, 10, 1);
INSERT INTO messages (msg_ID, sender, date_sent, r_ID, is_user) VALUES (158, 58, CURRENT_TIMESTAMP, 10, 1);
INSERT INTO messages (msg_ID, sender, date_sent, r_ID, is_user) VALUES (159, 59, CURRENT_TIMESTAMP, 10, 1);
INSERT INTO messages (msg_ID, sender, date_sent, r_ID, is_user) VALUES (160, 60, CURRENT_TIMESTAMP, 10, 1);
INSERT INTO messages (msg_ID, sender, date_sent, r_ID, is_user) VALUES (161, 61, CURRENT_TIMESTAMP, 10, 1);
INSERT INTO messages (msg_ID, sender, date_sent, r_ID, is_user) VALUES (162, 62, CURRENT_TIMESTAMP, 10, 1);
INSERT INTO messages (msg_ID, sender, date_sent, r_ID, is_user) VALUES (163, 63, CURRENT_TIMESTAMP, 10, 1);
INSERT INTO messages (msg_ID, sender, date_sent, r_ID, is_user) VALUES (164, 64, CURRENT_TIMESTAMP, 10, 1);
INSERT INTO messages (msg_ID, sender, date_sent, r_ID, is_user) VALUES (165, 65, CURRENT_TIMESTAMP, 10, 1);
INSERT INTO messages (msg_ID, sender, date_sent, r_ID, is_user) VALUES (166, 66, CURRENT_TIMESTAMP, 10, 1);
INSERT INTO messages (msg_ID, sender, date_sent, r_ID, is_user) VALUES (167, 67, CURRENT_TIMESTAMP, 10, 1);
INSERT INTO messages (msg_ID, sender, date_sent, r_ID, is_user) VALUES (168, 68, CURRENT_TIMESTAMP, 10, 1);
INSERT INTO messages (msg_ID, sender, date_sent, r_ID, is_user) VALUES (169, 69, CURRENT_TIMESTAMP, 10, 1);
INSERT INTO messages (msg_ID, sender, date_sent, r_ID, is_user) VALUES (170, 70, CURRENT_TIMESTAMP, 10, 1);
INSERT INTO messages (msg_ID, sender, date_sent, r_ID, is_user) VALUES (171, 71, CURRENT_TIMESTAMP, 10, 1);
INSERT INTO messages (msg_ID, sender, date_sent, r_ID, is_user) VALUES (172, 72, CURRENT_TIMESTAMP, 10, 1);
INSERT INTO messages (msg_ID, sender, date_sent, r_ID, is_user) VALUES (173, 73, CURRENT_TIMESTAMP, 10, 1);
INSERT INTO messages (msg_ID, sender, date_sent, r_ID, is_user) VALUES (174, 74, CURRENT_TIMESTAMP, 10, 1);
INSERT INTO messages (msg_ID, sender, date_sent, r_ID, is_user) VALUES (175, 75, CURRENT_TIMESTAMP, 10, 1);
INSERT INTO messages (msg_ID, sender, date_sent, r_ID, is_user) VALUES (176, 76, CURRENT_TIMESTAMP, 10, 1);
INSERT INTO messages (msg_ID, sender, date_sent, r_ID, is_user) VALUES (177, 77, CURRENT_TIMESTAMP, 10, 1);
INSERT INTO messages (msg_ID, sender, date_sent, r_ID, is_user) VALUES (178, 78, CURRENT_TIMESTAMP, 10, 1);
INSERT INTO messages (msg_ID, sender, date_sent, r_ID, is_user) VALUES (179, 79, CURRENT_TIMESTAMP, 10, 1);
INSERT INTO messages (msg_ID, sender, date_sent, r_ID, is_user) VALUES (180, 80, CURRENT_TIMESTAMP, 10, 1);
INSERT INTO messages (msg_ID, sender, date_sent, r_ID, is_user) VALUES (181, 81, CURRENT_TIMESTAMP, 10, 1);
INSERT INTO messages (msg_ID, sender, date_sent, r_ID, is_user) VALUES (182, 82, CURRENT_TIMESTAMP, 10, 1);
INSERT INTO messages (msg_ID, sender, date_sent, r_ID, is_user) VALUES (183, 83, CURRENT_TIMESTAMP, 10, 1);
INSERT INTO messages (msg_ID, sender, date_sent, r_ID, is_user) VALUES (184, 84, CURRENT_TIMESTAMP, 10, 1);
INSERT INTO messages (msg_ID, sender, date_sent, r_ID, is_user) VALUES (185, 85, CURRENT_TIMESTAMP, 10, 1);
INSERT INTO messages (msg_ID, sender, date_sent, r_ID, is_user) VALUES (186, 86, CURRENT_TIMESTAMP, 10, 1);
INSERT INTO messages (msg_ID, sender, date_sent, r_ID, is_user) VALUES (187, 87, CURRENT_TIMESTAMP, 10, 1);
INSERT INTO messages (msg_ID, sender, date_sent, r_ID, is_user) VALUES (188, 88, CURRENT_TIMESTAMP, 10, 1);
INSERT INTO messages (msg_ID, sender, date_sent, r_ID, is_user) VALUES (189, 89, CURRENT_TIMESTAMP, 10, 1);
INSERT INTO messages (msg_ID, sender, date_sent, r_ID, is_user) VALUES (190, 90, CURRENT_TIMESTAMP, 10, 1);
INSERT INTO messages (msg_ID, sender, date_sent, r_ID, is_user) VALUES (191, 91, CURRENT_TIMESTAMP, 10, 1);
INSERT INTO messages (msg_ID, sender, date_sent, r_ID, is_user) VALUES (192, 92, CURRENT_TIMESTAMP, 10, 1);
INSERT INTO messages (msg_ID, sender, date_sent, r_ID, is_user) VALUES (193, 93, CURRENT_TIMESTAMP, 10, 1);
INSERT INTO messages (msg_ID, sender, date_sent, r_ID, is_user) VALUES (194, 94, CURRENT_TIMESTAMP, 10, 1);
INSERT INTO messages (msg_ID, sender, date_sent, r_ID, is_user) VALUES (195, 95, CURRENT_TIMESTAMP, 10, 1);
INSERT INTO messages (msg_ID, sender, date_sent, r_ID, is_user) VALUES (196, 96, CURRENT_TIMESTAMP, 10, 1);
INSERT INTO messages (msg_ID, sender, date_sent, r_ID, is_user) VALUES (197, 97, CURRENT_TIMESTAMP, 10, 1);
INSERT INTO messages (msg_ID, sender, date_sent, r_ID, is_user) VALUES (198, 98, CURRENT_TIMESTAMP, 10, 1);
INSERT INTO messages (msg_ID, sender, date_sent, r_ID, is_user) VALUES (199, 99, CURRENT_TIMESTAMP, 10, 1);
INSERT INTO messages (msg_ID, sender, date_sent, r_ID, is_user) VALUES (200, 100, CURRENT_TIMESTAMP, 10, 1);
INSERT INTO messages (msg_ID, sender, date_sent, r_ID, is_user) VALUES (201, 1, CURRENT_TIMESTAMP, 2, 1);
INSERT INTO messages (msg_ID, sender, date_sent, r_ID, is_user) VALUES (202, 2, CURRENT_TIMESTAMP, 1, 1);
INSERT INTO messages (msg_ID, sender, date_sent, r_ID, is_user) VALUES (203, 3, CURRENT_TIMESTAMP, 1, 1);
INSERT INTO messages (msg_ID, sender, date_sent, r_ID, is_user) VALUES (204, 4, CURRENT_TIMESTAMP, 1, 1);
INSERT INTO messages (msg_ID, sender, date_sent, r_ID, is_user) VALUES (205, 5, CURRENT_TIMESTAMP, 1, 1);
INSERT INTO messages (msg_ID, sender, date_sent, r_ID, is_user) VALUES (206, 6, CURRENT_TIMESTAMP, 1, 1);
INSERT INTO messages (msg_ID, sender, date_sent, r_ID, is_user) VALUES (207, 7, CURRENT_TIMESTAMP, 1, 1);
INSERT INTO messages (msg_ID, sender, date_sent, r_ID, is_user) VALUES (208, 8, CURRENT_TIMESTAMP, 1, 1);
INSERT INTO messages (msg_ID, sender, date_sent, r_ID, is_user) VALUES (209, 9, CURRENT_TIMESTAMP, 1, 1);
INSERT INTO messages (msg_ID, sender, date_sent, r_ID, is_user) VALUES (210, 10, CURRENT_TIMESTAMP, 1, 1);
INSERT INTO messages (msg_ID, sender, date_sent, r_ID, is_user) VALUES (211, 11, CURRENT_TIMESTAMP, 1, 1);
INSERT INTO messages (msg_ID, sender, date_sent, r_ID, is_user) VALUES (212, 12, CURRENT_TIMESTAMP, 1, 1);
INSERT INTO messages (msg_ID, sender, date_sent, r_ID, is_user) VALUES (213, 13, CURRENT_TIMESTAMP, 1, 1);
INSERT INTO messages (msg_ID, sender, date_sent, r_ID, is_user) VALUES (214, 14, CURRENT_TIMESTAMP, 1, 1);
INSERT INTO messages (msg_ID, sender, date_sent, r_ID, is_user) VALUES (215, 15, CURRENT_TIMESTAMP, 1, 1);
INSERT INTO messages (msg_ID, sender, date_sent, r_ID, is_user) VALUES (216, 16, CURRENT_TIMESTAMP, 1, 1);
INSERT INTO messages (msg_ID, sender, date_sent, r_ID, is_user) VALUES (217, 17, CURRENT_TIMESTAMP, 1, 1);
INSERT INTO messages (msg_ID, sender, date_sent, r_ID, is_user) VALUES (218, 18, CURRENT_TIMESTAMP, 1, 1);
INSERT INTO messages (msg_ID, sender, date_sent, r_ID, is_user) VALUES (219, 19, CURRENT_TIMESTAMP, 1, 1);
INSERT INTO messages (msg_ID, sender, date_sent, r_ID, is_user) VALUES (220, 20, CURRENT_TIMESTAMP, 1, 1);
INSERT INTO messages (msg_ID, sender, date_sent, r_ID, is_user) VALUES (221, 21, CURRENT_TIMESTAMP, 1, 1);
INSERT INTO messages (msg_ID, sender, date_sent, r_ID, is_user) VALUES (222, 22, CURRENT_TIMESTAMP, 1, 1);
INSERT INTO messages (msg_ID, sender, date_sent, r_ID, is_user) VALUES (223, 23, CURRENT_TIMESTAMP, 1, 1);
INSERT INTO messages (msg_ID, sender, date_sent, r_ID, is_user) VALUES (224, 24, CURRENT_TIMESTAMP, 1, 1);
INSERT INTO messages (msg_ID, sender, date_sent, r_ID, is_user) VALUES (225, 25, CURRENT_TIMESTAMP, 1, 1);
INSERT INTO messages (msg_ID, sender, date_sent, r_ID, is_user) VALUES (226, 26, CURRENT_TIMESTAMP, 1, 1);
INSERT INTO messages (msg_ID, sender, date_sent, r_ID, is_user) VALUES (227, 27, CURRENT_TIMESTAMP, 1, 1);
INSERT INTO messages (msg_ID, sender, date_sent, r_ID, is_user) VALUES (228, 28, CURRENT_TIMESTAMP, 1, 1);
INSERT INTO messages (msg_ID, sender, date_sent, r_ID, is_user) VALUES (229, 29, CURRENT_TIMESTAMP, 1, 1);
INSERT INTO messages (msg_ID, sender, date_sent, r_ID, is_user) VALUES (230, 30, CURRENT_TIMESTAMP, 1, 1);
INSERT INTO messages (msg_ID, sender, date_sent, r_ID, is_user) VALUES (231, 31, CURRENT_TIMESTAMP, 1, 1);
INSERT INTO messages (msg_ID, sender, date_sent, r_ID, is_user) VALUES (232, 32, CURRENT_TIMESTAMP, 1, 1);
INSERT INTO messages (msg_ID, sender, date_sent, r_ID, is_user) VALUES (233, 33, CURRENT_TIMESTAMP, 1, 1);
INSERT INTO messages (msg_ID, sender, date_sent, r_ID, is_user) VALUES (234, 34, CURRENT_TIMESTAMP, 1, 1);
INSERT INTO messages (msg_ID, sender, date_sent, r_ID, is_user) VALUES (235, 35, CURRENT_TIMESTAMP, 1, 1);
INSERT INTO messages (msg_ID, sender, date_sent, r_ID, is_user) VALUES (236, 36, CURRENT_TIMESTAMP, 1, 1);
INSERT INTO messages (msg_ID, sender, date_sent, r_ID, is_user) VALUES (237, 37, CURRENT_TIMESTAMP, 1, 1);
INSERT INTO messages (msg_ID, sender, date_sent, r_ID, is_user) VALUES (238, 38, CURRENT_TIMESTAMP, 1, 1);
INSERT INTO messages (msg_ID, sender, date_sent, r_ID, is_user) VALUES (239, 39, CURRENT_TIMESTAMP, 1, 1);
INSERT INTO messages (msg_ID, sender, date_sent, r_ID, is_user) VALUES (240, 40, CURRENT_TIMESTAMP, 1, 1);
INSERT INTO messages (msg_ID, sender, date_sent, r_ID, is_user) VALUES (241, 41, CURRENT_TIMESTAMP, 1, 1);
INSERT INTO messages (msg_ID, sender, date_sent, r_ID, is_user) VALUES (242, 42, CURRENT_TIMESTAMP, 1, 1);
INSERT INTO messages (msg_ID, sender, date_sent, r_ID, is_user) VALUES (243, 43, CURRENT_TIMESTAMP, 1, 1);
INSERT INTO messages (msg_ID, sender, date_sent, r_ID, is_user) VALUES (244, 44, CURRENT_TIMESTAMP, 1, 1);
INSERT INTO messages (msg_ID, sender, date_sent, r_ID, is_user) VALUES (245, 45, CURRENT_TIMESTAMP, 1, 1);
INSERT INTO messages (msg_ID, sender, date_sent, r_ID, is_user) VALUES (246, 46, CURRENT_TIMESTAMP, 1, 1);
INSERT INTO messages (msg_ID, sender, date_sent, r_ID, is_user) VALUES (247, 47, CURRENT_TIMESTAMP, 1, 1);
INSERT INTO messages (msg_ID, sender, date_sent, r_ID, is_user) VALUES (248, 48, CURRENT_TIMESTAMP, 1, 1);
INSERT INTO messages (msg_ID, sender, date_sent, r_ID, is_user) VALUES (249, 49, CURRENT_TIMESTAMP, 1, 1);
INSERT INTO messages (msg_ID, sender, date_sent, r_ID, is_user) VALUES (250, 50, CURRENT_TIMESTAMP, 1, 1);
INSERT INTO messages (msg_ID, sender, date_sent, r_ID, is_user) VALUES (251, 51, CURRENT_TIMESTAMP, 1, 1);
INSERT INTO messages (msg_ID, sender, date_sent, r_ID, is_user) VALUES (252, 52, CURRENT_TIMESTAMP, 1, 1);
INSERT INTO messages (msg_ID, sender, date_sent, r_ID, is_user) VALUES (253, 53, CURRENT_TIMESTAMP, 1, 1);
INSERT INTO messages (msg_ID, sender, date_sent, r_ID, is_user) VALUES (254, 54, CURRENT_TIMESTAMP, 1, 1);
INSERT INTO messages (msg_ID, sender, date_sent, r_ID, is_user) VALUES (255, 55, CURRENT_TIMESTAMP, 1, 1);
INSERT INTO messages (msg_ID, sender, date_sent, r_ID, is_user) VALUES (256, 56, CURRENT_TIMESTAMP, 1, 1);
INSERT INTO messages (msg_ID, sender, date_sent, r_ID, is_user) VALUES (257, 57, CURRENT_TIMESTAMP, 1, 1);
INSERT INTO messages (msg_ID, sender, date_sent, r_ID, is_user) VALUES (258, 58, CURRENT_TIMESTAMP, 1, 1);
INSERT INTO messages (msg_ID, sender, date_sent, r_ID, is_user) VALUES (259, 59, CURRENT_TIMESTAMP, 1, 1);
INSERT INTO messages (msg_ID, sender, date_sent, r_ID, is_user) VALUES (260, 60, CURRENT_TIMESTAMP, 1, 1);
INSERT INTO messages (msg_ID, sender, date_sent, r_ID, is_user) VALUES (261, 61, CURRENT_TIMESTAMP, 1, 1);
INSERT INTO messages (msg_ID, sender, date_sent, r_ID, is_user) VALUES (262, 62, CURRENT_TIMESTAMP, 1, 1);
INSERT INTO messages (msg_ID, sender, date_sent, r_ID, is_user) VALUES (263, 63, CURRENT_TIMESTAMP, 1, 1);
INSERT INTO messages (msg_ID, sender, date_sent, r_ID, is_user) VALUES (264, 64, CURRENT_TIMESTAMP, 1, 1);
INSERT INTO messages (msg_ID, sender, date_sent, r_ID, is_user) VALUES (265, 65, CURRENT_TIMESTAMP, 1, 1);
INSERT INTO messages (msg_ID, sender, date_sent, r_ID, is_user) VALUES (266, 66, CURRENT_TIMESTAMP, 1, 1);
INSERT INTO messages (msg_ID, sender, date_sent, r_ID, is_user) VALUES (267, 67, CURRENT_TIMESTAMP, 1, 1);
INSERT INTO messages (msg_ID, sender, date_sent, r_ID, is_user) VALUES (268, 68, CURRENT_TIMESTAMP, 1, 1);
INSERT INTO messages (msg_ID, sender, date_sent, r_ID, is_user) VALUES (269, 69, CURRENT_TIMESTAMP, 1, 1);
INSERT INTO messages (msg_ID, sender, date_sent, r_ID, is_user) VALUES (270, 70, CURRENT_TIMESTAMP, 1, 1);
INSERT INTO messages (msg_ID, sender, date_sent, r_ID, is_user) VALUES (271, 71, CURRENT_TIMESTAMP, 1, 1);
INSERT INTO messages (msg_ID, sender, date_sent, r_ID, is_user) VALUES (272, 72, CURRENT_TIMESTAMP, 1, 1);
INSERT INTO messages (msg_ID, sender, date_sent, r_ID, is_user) VALUES (273, 73, CURRENT_TIMESTAMP, 1, 1);
INSERT INTO messages (msg_ID, sender, date_sent, r_ID, is_user) VALUES (274, 74, CURRENT_TIMESTAMP, 1, 1);
INSERT INTO messages (msg_ID, sender, date_sent, r_ID, is_user) VALUES (275, 75, CURRENT_TIMESTAMP, 1, 1);
INSERT INTO messages (msg_ID, sender, date_sent, r_ID, is_user) VALUES (276, 76, CURRENT_TIMESTAMP, 1, 1);
INSERT INTO messages (msg_ID, sender, date_sent, r_ID, is_user) VALUES (277, 77, CURRENT_TIMESTAMP, 1, 1);
INSERT INTO messages (msg_ID, sender, date_sent, r_ID, is_user) VALUES (278, 78, CURRENT_TIMESTAMP, 1, 1);
INSERT INTO messages (msg_ID, sender, date_sent, r_ID, is_user) VALUES (279, 79, CURRENT_TIMESTAMP, 1, 1);
INSERT INTO messages (msg_ID, sender, date_sent, r_ID, is_user) VALUES (280, 80, CURRENT_TIMESTAMP, 1, 1);
INSERT INTO messages (msg_ID, sender, date_sent, r_ID, is_user) VALUES (281, 81, CURRENT_TIMESTAMP, 1, 1);
INSERT INTO messages (msg_ID, sender, date_sent, r_ID, is_user) VALUES (282, 82, CURRENT_TIMESTAMP, 1, 1);
INSERT INTO messages (msg_ID, sender, date_sent, r_ID, is_user) VALUES (283, 83, CURRENT_TIMESTAMP, 1, 1);
INSERT INTO messages (msg_ID, sender, date_sent, r_ID, is_user) VALUES (284, 84, CURRENT_TIMESTAMP, 1, 1);
INSERT INTO messages (msg_ID, sender, date_sent, r_ID, is_user) VALUES (285, 85, CURRENT_TIMESTAMP, 1, 1);
INSERT INTO messages (msg_ID, sender, date_sent, r_ID, is_user) VALUES (286, 86, CURRENT_TIMESTAMP, 1, 1);
INSERT INTO messages (msg_ID, sender, date_sent, r_ID, is_user) VALUES (287, 87, CURRENT_TIMESTAMP, 1, 1);
INSERT INTO messages (msg_ID, sender, date_sent, r_ID, is_user) VALUES (288, 88, CURRENT_TIMESTAMP, 1, 1);
INSERT INTO messages (msg_ID, sender, date_sent, r_ID, is_user) VALUES (289, 89, CURRENT_TIMESTAMP, 1, 1);
INSERT INTO messages (msg_ID, sender, date_sent, r_ID, is_user) VALUES (290, 90, CURRENT_TIMESTAMP, 1, 1);
INSERT INTO messages (msg_ID, sender, date_sent, r_ID, is_user) VALUES (291, 91, CURRENT_TIMESTAMP, 1, 1);
INSERT INTO messages (msg_ID, sender, date_sent, r_ID, is_user) VALUES (292, 92, CURRENT_TIMESTAMP, 1, 1);
INSERT INTO messages (msg_ID, sender, date_sent, r_ID, is_user) VALUES (293, 93, CURRENT_TIMESTAMP, 1, 1);
INSERT INTO messages (msg_ID, sender, date_sent, r_ID, is_user) VALUES (294, 94, CURRENT_TIMESTAMP, 1, 1);
INSERT INTO messages (msg_ID, sender, date_sent, r_ID, is_user) VALUES (295, 95, CURRENT_TIMESTAMP, 1, 1);
INSERT INTO messages (msg_ID, sender, date_sent, r_ID, is_user) VALUES (296, 96, CURRENT_TIMESTAMP, 1, 1);
INSERT INTO messages (msg_ID, sender, date_sent, r_ID, is_user) VALUES (297, 97, CURRENT_TIMESTAMP, 1, 1);
INSERT INTO messages (msg_ID, sender, date_sent, r_ID, is_user) VALUES (298, 98, CURRENT_TIMESTAMP, 1, 1);
INSERT INTO messages (msg_ID, sender, date_sent, r_ID, is_user) VALUES (299, 99, CURRENT_TIMESTAMP, 1, 1);
INSERT INTO messages (msg_ID, sender, date_sent, r_ID, is_user) VALUES (300, 100, CURRENT_TIMESTAMP, 2, 1);